[
  {
    "number": 1,
    "symbol": "H",
    "name_en": "Hydrogen",
    "name_bn": "হাইড্রোজেন",
    "group": 1,
    "period": 1,
    "category_en": "Nonmetal",
    "category_bn": "অধাতু",
    "atomic_mass": "1.008"
  },
  {
    "number": 2,
    "symbol": "He",
    "name_en": "Helium",
    "name_bn": "হিলিয়াম",
    "group": 18,
    "period": 1,
    "category_en": "Noble Gas",
    "category_bn": "নিষ্ক্রিয় গ্যাস",
    "atomic_mass": "4.0026"
  },
  {
    "number": 3,
    "symbol": "Li",
    "name_en": "Lithium",
    "name_bn": "লিথিয়াম",
    "group": 1,
    "period": 2,
    "category_en": "Alkali Metal",
    "category_bn": "ক্ষার ধাতু",
    "atomic_mass": "6.94"
  },
  {
    "number": 4,
    "symbol": "Be",
    "name_en": "Beryllium",
    "name_bn": "বেরিলিয়াম",
    "group": 2,
    "period": 2,
    "category_en": "Alkaline Earth Metal",
    "category_bn": "মৃৎক্ষার ধাতু",
    "atomic_mass": "9.0122"
  },
  {
    "number": 5,
    "symbol": "B",
    "name_en": "Boron",
    "name_bn": "বোরন",
    "group": 13,
    "period": 2,
    "category_en": "Metalloid",
    "category_bn": "মেটালয়েড",
    "atomic_mass": "10.81"
  },
  {
    "number": 6,
    "symbol": "C",
    "name_en": "Carbon",
    "name_bn": "কার্বন",
    "group": 14,
    "period": 2,
    "category_en": "Nonmetal",
    "category_bn": "অধাতু",
    "atomic_mass": "12.011"
  },
  {
    "number": 7,
    "symbol": "N",
    "name_en": "Nitrogen",
    "name_bn": "নাইট্রোজেন",
    "group": 15,
    "period": 2,
    "category_en": "Nonmetal",
    "category_bn": "অধাতু",
    "atomic_mass": "14.007"
  },
  {
    "number": 8,
    "symbol": "O",
    "name_en": "Oxygen",
    "name_bn": "অক্সিজেন",
    "group": 16,
    "period": 2,
    "category_en": "Nonmetal",
    "category_bn": "অধাতু",
    "atomic_mass": "15.999"
  },
  {
    "number": 9,
    "symbol": "F",
    "name_en": "Fluorine",
    "name_bn": "ফ্লোরিন",
    "group": 17,
    "period": 2,
    "category_en": "Halogen",
    "category_bn": "হ্যালোজেন",
    "atomic_mass": "18.998"
  },
  {
    "number": 10,
    "symbol": "Ne",
    "name_en": "Neon",
    "name_bn": "নিয়ন",
    "group": 18,
    "period": 2,
    "category_en": "Noble Gas",
    "category_bn": "নিষ্ক্রিয় গ্যাস",
    "atomic_mass": "20.180"
  }
]